{
  "name": "envapp",
  "version": "1.0.0",
  "environment": "prod",
  "basehref": "envapp",
  "backgroundColor": "black",
  "apiDomains": [
    "https://webapi.gather.marcom.com"
  ],
  "appInsights": {
    "instrumentationKey": "5dcac848-b1ee-43e9-a7e4-29315f142e68"
  },
  "defaultSignInPolicy": "B2C_1A_SignUpOrSignIn",
  "signOutUrl": "https://gather.marcom.com/sign-out.html",
  "oidcConfig": {
    "accessTokenExpiringNotificationTime": 15,
    "authority": "https://ptidam.b2clogin.com/ptidam.onmicrosoft.com/B2C_1A_SignUpOrSignIn/v2.0",
    "automaticSilentRenew": true,
    "client_id": "93e0344a-21c2-4d48-906a-c3b91a401290",
    "filterProtocolClaims": true,
    "loadUserInfo": false,
    "metadataUrl": "https://ptidam.b2clogin.com/ptidam.onmicrosoft.com/B2C_1A_SignUpOrSignIn/v2.0/.well-known/openid-configuration",
    "post_logout_redirect_uri": "https://gather.marcom.com/sign-out.html",
    "redirect_uri": "https://gather.marcom.com/sign-in.html",
    "response_mode": "fragment",
    "response_type": "code",
    "scope": "openid profile https://ptidam.onmicrosoft.com/93e0344a-21c2-4d48-906a-c3b91a401290/api",
    "silent_redirect_uri": "https://gather.marcom.com/renew.html"
  },
  "forgotPwConfig": {
    "authority": "https://ptidam.b2clogin.com/ptidam.onmicrosoft.com/B2C_1A_PasswordReset/v2.0",
    "client_id": "93e0344a-21c2-4d48-906a-c3b91a401290",
    "loadUserInfo": false,
    "redirect_uri": "https://gather.marcom.com/sign-in.html",
    "response_mode": "fragment",
    "response_type": "code",
    "scope": "openid profile https://ptidam.onmicrosoft.com/93e0344a-21c2-4d48-906a-c3b91a401290/api"
  },
  "emailSignUp": {
    "authority": "https://ptidam.b2clogin.com/ptidam.onmicrosoft.com/B2C_1A_SignUp/v2.0",
    "client_id": "93e0344a-21c2-4d48-906a-c3b91a401290",
    "loadUserInfo": false,
    "redirect_uri": "https://gather.marcom.com/sign-up.html",
    "response_mode": "fragment",
    "response_type": "code",
    "scope": "openid profile https://ptidam.onmicrosoft.com/93e0344a-21c2-4d48-906a-c3b91a401290/api"
  },
  "federatedConsentConfig": {
    "authority": "https://ptidam.b2clogin.com/ptidam.onmicrosoft.com/B2C_1A_FederatedAdConsent/v2.0",
    "client_id": "93e0344a-21c2-4d48-906a-c3b91a401290",
    "loadUserInfo": false,
    "redirect_uri": "https://gather.marcom.com/federated-consent-callback.html",
    "response_mode": "fragment",
    "response_type": "code",
    "scope": "openid profile"
  },
  "buyNowUrl": "https://marcom.com/contact-us/",
  "webApiUrl": "https://webapi.gather.marcom.com",
  "downloadApiUrl": "https://webapi.gather.marcom.com",
  "uploadApiUrl": "https://webapi.gather.marcom.com",
  "signalRUrl": "https://signalrhub.gather.marcom.com",
  "pardotUrl": "https://go.marcomcentral.com/l/891601/2021-04-16/lykrb",
  "churnZeroConfig": {
    "churnZeroUrl": "https://analytics.churnzero.net/churnzero.js",
    "churnZeroAppKey": "1!Mn1wt4KqUiRkrxwJiysF6UWBJKcqHAahJ9RE-Ps11Ast912"
  },
  "salesForceChatConfig": {
    "salesForceScriptLocation": "https://c.la3-c2-ia5.salesforceliveagent.com/content/g/js/52.0/deployment.js",
    "salesForceInitChatUrl": "https://d.la3-c2-ia5.salesforceliveagent.com/chat",
    "salesForceInitDeploymentId": "5720b000000LRr2",
    "salesForceInitButtonId": "5735a00000097W4",
    "salesForceInitChatHash": "00D3000000001yl"
  },
  "freeTrialConfig": {
    "freeTrialUserCreationTimer": 20000,
    "freeTrialErrorTimer": 15000
  },
  "googleDriveConfig": {
    "appId": "611892810408",
    "developerApiKey": "AIzaSyDn6mAYE1R1BRXyYJBsHk5A-TkgRBnqDhE",
    "type": "google",
    "maxItems": 100,
    "clientId": "611892810408-a4p03ivd2npffnvfsdm1men2qjcrnh6e.apps.googleusercontent.com"
  },
  "hubspotConfig": {
    "authorizeUrl": "https://app.hubspot.com/oauth/authorize",
    "clientId": "d84670c4-0243-44bc-87d7-70b9a36eb8b2",
    "scopes": "files"
  },
  "canvaConfig": {
    "clientSecret": "Q0G99+yt9UPlJTnxPIVvQ7nqwgQzekLb5zleUaJHYH8="
  },
  "dropboxConfig": {
    "appKey": "fz7d5yl9243ym53",
    "type": "dropbox"
  },
  "oneDriveConfig": {
    "clientId": "260c1c78-f5ba-400c-b88d-f3ba07ad35c7"
  },
  "slackConfig": {
    "clientId": "2555031014310.2569312736501",
    "scope": "channels:read,chat:write:user,files:write:user",
    "redirectUri": "https://gather.marcom.com/slack-redirect"
  },
  "wordpressMsalConfig": {
    "config": {
      "auth": {
        "clientId": "14778a2e-5156-4921-86e5-05fdf8e35785",
        "authority": "https://ptidam.b2clogin.com/ptidam.onmicrosoft.com/B2C_1A_SignIn",
        "knownAuthorities": [
          "ptidam.b2clogin.com"
        ],
        "redirectUri": "https://gather.marcom.com/wordpress/oauth/callback"
      },
      "cache": {
        "cacheLocation": "sessionStorage",
        "storeAuthStateInCookie": false
      }
    },
    "loginRequest": {
      "scopes": [
        "openid",
        "https://ptidam.onmicrosoft.com/93e0344a-21c2-4d48-906a-c3b91a401290/assets.read"
      ]
    },
    "msalLibraryUrl": "https://alcdn.msauth.net/browser/2.13.1/js/msal-browser.js"
  }
}
