<?xml version="1.0"?>
<doc>
    <assembly>
        <name>WebApi</name>
    </assembly>
    <members>
        <member name="T:WebApi.Authorization.JWTAuthenticationHandler">
            <summary>
            Multiple Auth scheme solution for skipping auth when audience is different.
            Address misleading IDX10501 logs.
            https://oliviervaillancourt.com/posts/Fixing-IDX10501-MultipleAuthScheme
            </summary>
        </member>
        <member name="T:WebApi.Authorization.Utility">
            <summary>
            For use in place of standard context.Succeed to succeed all related
            requirements with the same identifier.
            </summary>
        </member>
        <member name="M:WebApi.Controllers.AccountsController.DeleteAccount(System.Guid)">
            <summary>
            Delete account by id
            </summary>
            <remarks>      
            </remarks>
            <param name="id"></param>
            <returns></returns>
        </member>
        <member name="M:WebApi.Controllers.AccountsController.GetAll">
            <summary>
            Get all accounts
            </summary>
            <remarks>
            Get all accounts for use by sys-admin only
            </remarks>
            <returns></returns>
        </member>
        <member name="M:WebApi.Controllers.AccountsController.GetById(System.Guid)">
            <summary>
            Get account by id
            </summary>
            <remarks>
            Get account by id
            </remarks>
            <param name="id"></param>
            <returns></returns>
        </member>
        <member name="M:WebApi.Controllers.AccountsController.GetAccountUsers(System.Guid)">
            <summary>
            Get account users
            </summary>
            <remarks>
            Gets all users for an account for use by sys-admin only
            </remarks>
            <param name="id"></param>
            <returns></returns>
        </member>
        <member name="M:WebApi.Controllers.AccountsController.GetAccountFeatures(System.Guid)">
            <summary>
            Get account users
            </summary>
            <remarks>
            Gets all features for an account for use by sys-admin only
            </remarks>
            <param name="id"></param>
            <returns></returns>
        </member>
        <member name="M:WebApi.Controllers.AccountsController.UpdateAccountFeatures(System.Guid,WebApi.Dtos.Context.FeatureDto[])">
            <summary>
            Get account users
            </summary>
            <remarks>
            Update features for an account for use by sys-admin only
            </remarks>
            <param name="id"></param>
            <param name="features"></param>
            <returns></returns>
        </member>
        <member name="M:WebApi.Controllers.AccountsController.SelfRegUpsertAsync(WebApi.Dtos.FreeTrialSignalRDto)">
            <summary>
            Free trial account creation
            </summary>
            <remarks>
            Account creation when self registering for a free trial
            </remarks>
            <param name="signalRDto"></param>
            <returns></returns>
        </member>
        <member name="M:WebApi.Controllers.AccountsController.UpsertAsync(WebApi.Dtos.AccountDetailtDto)">
            <summary>
            Create new Account
            </summary>
            <remarks>
            Account creation from account admin screen used by sys-admin only
            </remarks>
            <param name="dto"></param>
            <returns></returns>
        </member>
        <member name="M:WebApi.Controllers.AccountsController.UpdateAsync(System.Guid,WebApi.Dtos.AccountDetailtDto)">
            <summary>
            Update account
            </summary>
            <remarks>
            Update account used by sys-admin only
            </remarks>
            <param name="id"></param>
            <param name="update"></param>
            <returns></returns>
        </member>
        <member name="M:WebApi.Controllers.AccountsController.UpdateThemeAsync(System.Guid,System.String)">
            <summary>
            Update account theme
            </summary>
            <remarks>
            Update account theme
            </remarks>
            <param name="id"></param>
            <param name="theme"></param>
            <returns></returns>
        </member>
        <member name="M:WebApi.Controllers.AccountsController.SaveFederatedDomain(System.Guid,WebApi.Dtos.FederatedDomainDto)">
            <summary>
            Update account federated domain
            </summary>
            <param name="id"></param>
            <param name="dto"></param>
            <returns></returns>
        </member>
        <member name="M:WebApi.Controllers.AccountsController.DeleteFederatedDomains(System.Guid,WebApi.Dtos.BulkDeleteRequestDTO)">
            <summary>
            Bulk delete federated domains
            </summary>
            <param name="id"></param>
            <param name="dto"></param>
            <returns></returns>
        </member>
        <member name="M:WebApi.Controllers.AdminController.ProcessAssets(System.Guid)">
            <summary>
            Used for thumbnail generation
            </summary>
            <param name="accountId"></param>
            <returns></returns>
        </member>
        <member name="M:WebApi.Controllers.AssetsController.GetAccountAssets(System.Int32,System.Nullable{System.Guid},System.Int32,System.Int32,System.Nullable{System.Boolean},System.Nullable{System.Boolean},System.Nullable{System.Boolean})">
            <summary>
            Get account assets
            </summary>
            <remarks>    
            </remarks>
            <param name="sortField"></param>
            <param name="collectionId"></param>
            <param name="skip"></param>
            <param name="pageSize"></param>
            <param name="isOnMyFavorites"></param>
            <param name="expiredOnly"></param>
            <param name="cleanUpOnly"></param>
            <returns></returns>
        </member>
        <member name="M:WebApi.Controllers.AssetsController.LoadSampleAssets">
            <summary>
            Adds sample assets and collections to account
            </summary>
            <returns></returns>
        </member>
        <member name="M:WebApi.Controllers.AssetsController.AddAssetUsage(WebApi.Dtos.Asset.Request.UseageRequestDTO)">
            <summary>
            Records asset usage
            </summary>
            <param name="request"></param>
            <returns></returns>
        </member>
        <member name="M:WebApi.Controllers.AssetsController.UpdateFavorite(WebApi.Dtos.AssetDto)">
            <summary>
            Updates if asset is favorited
            </summary>
            <param name="asset"></param>
            <returns></returns>
        </member>
        <member name="M:WebApi.Controllers.AssetsController.UpdateAsset(System.Guid,WebApi.Dtos.AssetDto)">
            <summary>
            Update asset
            </summary>
            <param name="id"></param>
            <param name="asset"></param>
            <returns></returns>
        </member>
        <member name="M:WebApi.Controllers.AssetsController.UpdateMetadatum(WebApi.Dtos.MetadataDto)">
            <summary>
            Update asset metadatum
            </summary>
            <param name="metadatum"></param>
            <returns></returns>
        </member>
        <member name="M:WebApi.Controllers.AssetsController.UpdateTag(WebApi.Dtos.TagDto)">
            <summary>
            Update asset tags
            </summary>
            <param name="tag"></param>
            <returns></returns>
        </member>
        <member name="M:WebApi.Controllers.AssetsController.UpdateAiTags(WebApi.Dtos.Asset.Request.AiTagsRequestDTO)">
            <summary>
            Adds request to generate ai tags
            </summary>
            <param name="aiTagsRequest"></param>
            <returns></returns>
        </member>
        <member name="M:WebApi.Controllers.AssetsController.GetComments(System.Guid)">
            <summary>
            Gets asset comments
            </summary>
            <param name="assetId"></param>
            <returns></returns>
        </member>
        <member name="M:WebApi.Controllers.AssetsController.AddComment(System.Guid,WebApi.Dtos.Asset.Comment.AssetCommentDto)">
            <summary>
            Add asset comment
            </summary>
            <param name="assetId"></param>
            <param name="entry"></param>
            <returns></returns>
        </member>
        <member name="M:WebApi.Controllers.AssetsController.UpdateComment(System.Guid,WebApi.Dtos.Asset.Comment.AssetCommentDto)">
            <summary>
            Update asset comment
            </summary>
            <param name="assetId"></param>
            <param name="entry"></param>
            <returns></returns>
        </member>
        <member name="M:WebApi.Controllers.AssetsController.GetAssetDetailForDetailsViewByAssetId(System.Guid)">
            <summary>
            Get asset detail for details view
            </summary>
            <param name="id"></param>
            <returns></returns>
        </member>
        <member name="M:WebApi.Controllers.AssetsController.GetAssetForPreviewAsync(System.Guid)">
            <summary>
            Get asset for preview view
            </summary>
            <param name="id"></param>
            <returns></returns>
        </member>
        <member name="M:WebApi.Controllers.AssetsController.GetPermalinkUri(System.Guid,System.String)">
            <summary>
            Generates and returns a permalink for given asset id
            </summary>
            <param name="id">Asset ID</param>
            <param name="destination"></param>
            <returns></returns>
        </member>
        <member name="M:WebApi.Controllers.AssetsController.BulkUpdateCollectionAsync(WebApi.Dtos.Asset.Request.UpdateCollectionRequestDTO)">
            <summary>
            Update collection id for multiple assets
            </summary>
            <remarks>      
            </remarks>
            <param name="updateCollectionRequest"></param>
            <returns></returns>
        </member>
        <member name="M:WebApi.Controllers.AssetsController.BulkUpdateMetadataAsync(WebApi.Dtos.Asset.Request.UpdateMetadataRequestDTO)">
            <summary>
            Update metadata for multiple assets
            </summary>
            <remarks>      
            </remarks>
            <param name="updateMetadataRequest"></param>
            <returns></returns>
        </member>
        <member name="M:WebApi.Controllers.AssetsController.BulkUpdateTagsAsync(WebApi.Dtos.Asset.Request.UpdateTagRequestDTO)">
            <summary>
            Update tags for multiple assets
            </summary>
            <remarks>      
            </remarks>
            <param name="updateTagsRequest"></param>
            <returns></returns>
        </member>
        <member name="M:WebApi.Controllers.AssetsController.BulkUpdateFavoritesAsync(WebApi.Dtos.Asset.Request.UpdateFavoritesRequestDTO)">
            <summary>
            Update favorite for multiple assets
            </summary>
            <remarks>      
            </remarks>
            <param name="updateFavoritesRequest"></param>
            <returns></returns>
        </member>
        <member name="M:WebApi.Controllers.AssetsController.BulkDeletesAsync(WebApi.Dtos.Asset.Request.DeleteAssetsRequestDTO)">
            <summary>
            Delete multiple assets
            </summary>
            <remarks>      
            </remarks>
            <param name="deleteAssetsRequest"></param>
            <returns></returns>
        </member>
        <member name="M:WebApi.Controllers.AssetsController.FinishUploadAsync(WebApi.Dtos.Asset.Request.FinishUploadSessionRequestDto)">
            <summary>
            Complete upload session for multiple assets
            </summary>
            <remarks>      
            </remarks>
            <param name="finishUploadSessionRequest"></param>
            <returns></returns>
        </member>
        <member name="M:WebApi.Controllers.AssetsController.GetMetadataFieldsMetadataProfilesAndProfileTypesAsync">
            <summary>
            Get metadata fields, metadata profiles, and profile types for the current user account
            </summary>
            <returns></returns>
        </member>
        <member name="M:WebApi.Controllers.AssetsController.GetPostUploadSummary(System.Guid)">
            <summary>
            Get upload summary by upload session id
            </summary>
            <param name="uploadSessionId"></param>
            <returns></returns>
        </member>
        <member name="M:WebApi.Controllers.AssetsController.GetAssetHistory(System.Guid)">
            <summary>
            Get asset history by id
            </summary>
            <param name="id"></param>
            <returns></returns>
        </member>
        <member name="M:WebApi.Controllers.AssetsController.Download(WebApi.Dtos.Asset.Request.AssetDownloadConversionRequest)">
            <summary>
            Assets download request
            </summary>
            <remarks>
            TODO - more details
            </remarks>
            <param name="request"></param>
            <returns></returns>
        </member>
        <member name="M:WebApi.Controllers.AssetsController.GetWebPreviewImage(System.String,System.String)">
            <summary>
            Get web preview image
            </summary>
            <remarks>
            Creates a get request for the uri to push the stream back down the client.  CORS work around?
            </remarks>
            <param name="uri"></param>
            <param name="imageType"></param>
            <returns></returns>
        </member>
        <member name="M:WebApi.Controllers.CollectionsController.GetAllCollections">
            <summary>
            Get all collections for current user
            </summary>
            <returns></returns>
        </member>
        <member name="M:WebApi.Controllers.CollectionsController.GetCollectionById(System.Guid)">
            <summary>
            Get collection by id
            </summary>
            <param name="id"></param>
            <returns></returns>
        </member>
        <member name="M:WebApi.Controllers.CollectionsController.CreateAsync(WebApi.Dtos.CollectionDto)">
            <summary>
            Create new collection
            </summary>
            <remarks>
            </remarks>
            <param name="collection"></param>
            <returns></returns>
        </member>
        <member name="M:WebApi.Controllers.CollectionsController.UpdateCollectionAsync(System.Guid,WebApi.Dtos.CollectionDto)">
            <summary>
            Update collection
            </summary>
            <param name="id"></param>
            <param name="collection"></param>
            <returns></returns>
        </member>
        <member name="M:WebApi.Controllers.CollectionsController.DeleteByIdAsync(System.Guid)">
            <summary>
            Delete collection by id
            </summary>
            <param name="id"></param>
            <returns></returns>
        </member>
        <member name="M:WebApi.Controllers.ContextController.Get(System.String)">
            <summary>
            Get user context
            </summary>
            <remarks>
            Returns user and account context information
            </remarks>
            <param name="pluginName">For use with 3rd party integration</param>
            <returns></returns>
        </member>
        <member name="M:WebApi.Controllers.ContextController.GetScopeAccess(System.String)">
            <summary>
            Get scope access
            </summary>
            <remarks>
            Validate if the current user has access to the requested scope
            </remarks>
            <param name="scope"></param>
            <returns></returns>
        </member>
        <member name="M:WebApi.Controllers.ContextController.GetAccountsByUserId">
            <summary>
            Get accounts for current user
            </summary>
            <remarks>
            Get accounts for current user
            </remarks>
            <returns></returns>
        </member>
        <member name="M:WebApi.Controllers.GroupsController.GetAllGroupsAsync">
            <summary>
            Get all groups
            </summary>
            <remarks>
            Gets all groups for current account
            </remarks>
            <returns></returns>
        </member>
        <member name="M:WebApi.Controllers.GroupsController.BulkDeleteGroupsAsync(WebApi.Dtos.BulkDeleteRequestDTO)">
            <summary>
            Bulk delete groups
            </summary>
            <remarks>
            </remarks>
            <param name="groupIds"></param>
            <returns></returns>
        </member>
        <member name="M:WebApi.Controllers.GroupsController.DeleteGroupAsync(System.Guid)">
            <summary>
            Delete group
            </summary>
            <remarks>
            </remarks>
            <param name="groupId"></param>
            <returns></returns>
        </member>
        <member name="M:WebApi.Controllers.GroupsController.UpdateGroupAsync(System.Guid,WebApi.Dtos.GroupDto)">
            <summary>
            Update group
            </summary>
            <remarks>
            </remarks>
            <param name="groupId"></param>
            <param name="update"></param>
            <returns></returns>
        </member>
        <member name="M:WebApi.Controllers.GroupsController.CreateGroupAsync(WebApi.Dtos.GroupDto)">
            <summary>
            Create new group
            </summary>
            <remarks>
            </remarks>
            <param name="group"></param>
            <returns></returns>
        </member>
        <member name="M:WebApi.Controllers.LightboxAssetsController.GetLigthboxAssetsAsync(System.Int32,System.Nullable{System.Guid},System.Int32,System.Int32,System.Nullable{System.Boolean})">
            <summary>
            Get lightbox assets
            </summary>
            <param name="sortField"></param>
            <param name="lightboxId"></param>
            <param name="skip"></param>
            <param name="pageSize"></param>
            <param name="isOnMyFavorites"></param>
            <returns></returns>
        </member>
        <member name="M:WebApi.Controllers.LightboxesController.GeLightboxesAsync">
            <summary>
            Get all light-boxes for current user
            </summary>
            <returns></returns>
        </member>
        <member name="M:WebApi.Controllers.LightboxesController.GetLightboxPreviewAssetsAsync">
            <summary>
            Get all light-boxes preview assets
            </summary>
            <returns></returns>
        </member>
        <member name="M:WebApi.Controllers.LightboxesController.GetLightboxByIdAsync(System.Guid)">
            <summary>
            Get lightbox by id
            </summary>
            <param name="id"></param>
            <returns></returns>
        </member>
        <member name="M:WebApi.Controllers.LightboxesController.UpsertLightboxAsync(WebApi.Dtos.LightboxDto)">
            <summary>
            Creates or updates lightbox
            </summary>
            <returns>Created or updated LightboxDto</returns>
        </member>
        <member name="M:WebApi.Controllers.LightboxesController.DeleteByIdAsync(System.Guid)">
            <summary>
            Delete lightbox by id
            </summary>
            <param name="id"></param>
            <returns>Id of the deleted lightbox</returns>
        </member>
        <member name="M:WebApi.Controllers.MetadataProfilesController.GetAll">
            <summary>
            Get all metadata profiles
            </summary>
            <remarks>
            Get all default metadata profiles
            </remarks>
            <returns></returns>
        </member>
        <member name="M:WebApi.Controllers.MetadataProfilesController.GetProfileFields(System.Guid)">
            <summary>
            Get metadata profile fields by profile id
            </summary>
            <remarks>
            Get metadata profile fields by profile id
            </remarks>
            <param name="id"></param>
            <returns></returns>
        </member>
        <member name="M:WebApi.Controllers.MetadataProfilesController.SaveProfileFields(System.Guid,WebApi.Dtos.MetadataFieldRequestDto)">
            <summary>
            Update metadata profile field
            </summary>
            <remarks>
            Update metadata profile field by id
            </remarks>
            <param name="id"></param>
            <param name="MetadataFieldRequest"></param>
            <returns></returns>
        </member>
        <member name="M:WebApi.Controllers.NotificationsController.GetAllNotificationsAsync">
            <summary>
            Returns the list of notifications for a user.
            </summary>
            <remarks>
            Returns the list of notifications for a user.
            </remarks>
            <returns></returns>
        </member>
        <member name="M:WebApi.Controllers.NotificationsController.MarkNotificationsAsReadAsync(WebApi.Dtos.Notification.MarkNotificationDTO)">
            <summary>
            Marks one or multiple notifications
            </summary>
            <remarks>
            Marks one or multiple notifications as read/unread
            </remarks>
            <returns></returns>
        </member>
        <member name="M:WebApi.Controllers.NotificationsController.DeleteByIdAsync(System.Guid)">
            <summary>
            Delete Notifications based on the list of notification id's supplied
            </summary>
            <remarks>
            Returns the list of notification ids removed successfully.
            </remarks>
            <param name="id"></param>
            <returns></returns>
        </member>
        <member name="M:WebApi.Controllers.RolesController.GetAccountRoles">
            <summary>
            Get all roles
            </summary>
            <remarks>
            Get all roles for current account
            </remarks>
            <returns></returns>
        </member>
        <member name="M:WebApi.Controllers.RolesController.GetById(System.Guid)">
            <summary>
            Get role by id
            </summary>
            <param name="id"></param>
            <returns></returns>
        </member>
        <member name="M:WebApi.Controllers.SearchAssetsController.QueryAssets(WebApi.Dtos.QueryRequestDto)">
            <summary>
            Query assets
            </summary>        
            <param name="query"></param>
            <returns></returns>
        </member>
        <member name="M:WebApi.Controllers.SearchAssetsController.GetSearchSuggestions(System.String,System.Nullable{System.Guid},System.Nullable{System.Guid},System.Boolean,System.Boolean,System.Boolean)">
            <summary>
            Get search suggestions
            </summary>
            <param name="searchTerm"></param>
            <param name="collectionId"></param>
            <param name="lightboxId"></param>
            <param name="searchFavorites"></param>
            <param name="searchExpiredAssets"></param>
            <param name="searchCleanupAssets"></param>
            <returns></returns>
        </member>
        <member name="M:WebApi.Controllers.SearchAssetsController.GetTagsSuggestions(System.String)">
            <summary>
            Get tags
            </summary>
            <param name="searchTerm"></param>
            <returns></returns>
        </member>
        <member name="M:WebApi.Controllers.SearchAssetsController.GetFilters(System.String,System.Nullable{System.Guid},System.Nullable{System.Boolean},System.Nullable{System.Guid},System.Boolean,System.Boolean)">
            <summary>
            Get search filters
            </summary>
            <param name="searchTerm"></param>
            <param name="collectionId"></param>
            <param name="searchFavorites"></param>
            <param name="lightboxId"></param>
            <param name="searchExpiredAssets"></param>
            <param name="searchCleanupAssets"></param>
            <returns></returns>
        </member>
        <member name="M:WebApi.Controllers.SettingsController.GetFrontEndSettings">
            <summary>
            Returns the list of FrontEnd Settings for user
            </summary>
            <returns>Returns the list of FrontEnd Settings for user</returns>
        </member>
        <member name="M:WebApi.Controllers.SettingsController.UpdateRoleSetting(WebApi.Dtos.Setting.AreaSettingDto)">
            <summary>
            Create or update settings for a given role.
            </summary>
            <param name="update"></param>
            <returns>Returns the list of updated settings for role</returns>
        </member>
        <member name="M:WebApi.Controllers.SettingsController.UpdateAccountSetting(WebApi.Dtos.Setting.AreaSettingDto)">
            <summary>
            Create or update settings for a given account. 
            </summary>
            <param name="update"></param>
            <returns>Returns the list of updated settings for account</returns>
        </member>
        <member name="M:WebApi.Controllers.SettingsController.UpdateUserSetting(WebApi.Dtos.Setting.AreaSettingDto)">
            <summary>
            Create or update settings for a given user.
            </summary>
            <param name="update"></param>
            <returns>Returns the list of updated settings</returns>
        </member>
        <member name="M:WebApi.Controllers.UploadController.UploadLogo">
            <summary>
            Upload account logo
            </summary>
            <returns></returns>
        </member>
        <member name="M:WebApi.Controllers.UploadController.ResetToDefaultLogo">
            <summary>
            Delete account logo
            </summary>
            <remarks>
            </remarks>
            <returns></returns>
        </member>
        <member name="M:WebApi.Controllers.UploadController.UploadFavicon">
            <summary>
            Upload account favicon
            </summary>
            <returns></returns>
        </member>
        <member name="M:WebApi.Controllers.UploadController.ResetToDefaultFavicon">
            <summary>
            Delete account favicon
            </summary>
            <returns></returns>
        </member>
        <member name="M:WebApi.Controllers.UploadController.UploadGoogleFile(WebApi.Dtos.GoogleUploadRequest)">
            <summary>
            Upload file from google drive
            </summary>
            <param name="request"></param>
            <returns></returns>
        </member>
        <member name="M:WebApi.Controllers.UploadController.UploadDropboxFile(WebApi.Dtos.DropboxUploadRequest)">
            <summary>
            Upload file from dropbox
            </summary>
            <param name="request"></param>
            <returns></returns>
        </member>
        <member name="M:WebApi.Controllers.UploadController.UploadOneDriveFile(WebApi.Dtos.OneDriveUploadRequest)">
            <summary>
            Upload file from one drive
            </summary>
            <param name="request"></param>
            <returns></returns>
        </member>
        <member name="M:WebApi.Controllers.UploadController.CreateZapierAsset(WebApi.Dtos.Zapier.ZapAssetDto)">
            <summary>
            Create an asset from zapier app like dropbox. The information from zapier should match ZapAssetDto format.
            </summary>
            <remarks>        
            </remarks>
            <param name="zapAsset"></param>
            <returns></returns>
        </member>
        <member name="M:WebApi.Controllers.UploadController.ValidateAndCreateAssets(WebApi.Dtos.AssetUploadRequestDto[])">
            <summary>
            Validate and create assets
            </summary>
            <remarks>        
            </remarks>
            <param name="assets"></param>
            <returns></returns>
        </member>
        <member name="M:WebApi.Controllers.UploadController.ValidateAndReplaceAsset(WebApi.Dtos.AssetRevisionRequestDto,System.Guid)">
            <summary>
            Validate and create asset for revision
            </summary>
            <param name="assetDto"></param>
            <param name="oldAssetId"></param>
            <returns></returns>
        </member>
        <member name="M:WebApi.Controllers.UploadController.Cancel(WebApi.Dtos.CancelUploadDto)">
            <summary>
            Cancel upload session
            </summary>
            <remarks>
            Sends a request to cancel and clean up asset upload session
            </remarks>
            <param name="dto"></param>
            <returns></returns>
        </member>
        <member name="M:WebApi.Controllers.UsersController.BulkValidateUsersFileAsync(Microsoft.AspNetCore.Http.IFormFile)">
            <summary>
            Validates the user file's data format
            </summary>
            <param name="file"></param>
            <returns></returns>
        </member>
        <member name="M:WebApi.Controllers.UsersController.BulkCreateAsync(System.Collections.Generic.List{WebApi.Dtos.UserDetailDto})">
            <summary>
            Bulk user creation
            </summary>
            <param name="users"></param>
            <returns></returns>
        </member>
        <member name="M:WebApi.Controllers.UsersController.BulkAssignGroup(WebApi.Dtos.BulkAssignGroupDto)">
            <summary>
            Bulk user group assignment
            </summary>
            <param name="bulkGroupAssign"></param>
            <returns></returns>
        </member>
        <member name="M:WebApi.Controllers.UsersController.BulkDeleteUsers(WebApi.Dtos.BulkDeleteRequestDTO)">
            <summary>
            Bulk user deletion
            </summary>
            <param name="bulkDeleteRequest"></param>
            <returns></returns>
        </member>
        <member name="M:WebApi.Controllers.UsersController.ValidateEmailAsync(WebApi.Dtos.UserDetailDto)">
            <summary>
            Validates if user email already exists
            </summary>
            <param name="dto"></param>
            <returns></returns>
        </member>
        <member name="M:WebApi.Controllers.UsersController.SendEmailVerification">
            <summary>
            Email verification request
            </summary>
            <returns></returns>
        </member>
        <member name="M:WebApi.Controllers.UsersController.ResendWelcomeEmail(WebApi.Dtos.UserDetailDto)">
            <summary>
            Resends welcome email
            </summary>
            <param name="dto"></param>
            <returns></returns>
        </member>
        <member name="M:WebApi.Controllers.UsersController.Verify">
            <summary>
            Marks email as verified by user
            </summary>
            <returns></returns>
        </member>
        <member name="M:WebApi.Controllers.UsersController.CreateAsync(WebApi.Dtos.UserDetailDto)">
            <summary>
            New user creation
            </summary>
            <param name="dto"></param>
            <returns></returns>
        </member>
        <member name="M:WebApi.Controllers.UsersController.CreateFederatedAsync">
            <summary>
            Federated user creation
            </summary>
            <returns></returns>
        </member>
        <member name="M:WebApi.Controllers.UsersController.GetAccountUsers">
            <summary>
            Returns account users
            </summary>
            <returns></returns>
        </member>
        <member name="M:WebApi.Controllers.UsersController.GetById(System.Guid)">
            <summary>
            Returns an account user by id
            </summary>
            <param name="id"></param>
            <returns></returns>
        </member>
        <member name="M:WebApi.Controllers.UsersController.UpdateUserAsync(System.Guid,WebApi.Dtos.UserDetailDto)">
            <summary>
            Updates user information
            </summary>
            <param name="forUserId"></param>
            <param name="update"></param>
            <returns></returns>
        </member>
        <member name="M:WebApi.Controllers.UsersController.SendUserToSync(System.Guid)">
            <summary>
            Syncs user information with idp
            </summary>
            <param name="id"></param>
            <returns></returns>
        </member>
        <member name="M:WebApi.Dtos.BlobUploadProgressHandler.Report(System.Int64)">
            <summary>
            Reports the difference in progress (in percentage)
            </summary>
            <param name="value">Indicates the amount of bytes that have been uploaded to azure storage.</param>
        </member>
        <member name="P:WebApi.Dtos.Collection.MoveCollectionDTO.CollectionId">
            <summary>
            Specifies the id of the collection that needs moving
            </summary>
        </member>
        <member name="P:WebApi.Dtos.Collection.MoveCollectionDTO.ParentId">
            <summary>
            When this is null or empty, it is pointing to the root of collections
            </summary>
        </member>
        <member name="T:WebApi.Dtos.Search.SearchResultsDto">
            <summary>
            used for search response
            </summary>
        </member>
        <member name="M:WebApi.Services.AccountService.SelfRegUpsertAccountAsync(System.Guid,WebApi.Dtos.AccountDetailtDto,WebApi.Dtos.FreeTrialSignalRDto)">
            <summary>
            This method sends a message to the CreateAccount container, which creates the FreeTrial account, 
            </summary>
            <param name="userId"></param>
            <param name="dto"></param>
            <param name="signalRDto"></param>
            <returns></returns>
        </member>
        <member name="M:WebApi.Services.BlobService.ProcessAssets(System.Guid,System.Collections.Generic.List{ApplicationLogic.DomainModel.Asset})">
            <summary>
            Used to process ALL blobs in the sourceContainerName thru the image-converter
            Can be a very expensive operation
            </summary>
            <param name="accountId"></param>
            <param name="activeAssets"></param>
            <returns></returns>
        </member>
        <member name="M:WebApi.Services.BlobService.GetBlobContainerName(System.Guid,System.String)">
            <summary>
            Used to get the formatted container name using the accountId and default container name
            </summary>
            <param name="accountId"></param>
            <param name="defaultContainerName"></param>
            <returns>Formated container name {account-id-guid}-{containerName}</returns>
        </member>
        <member name="M:WebApi.Services.CollectionService.GetAllAsync(System.Guid,System.Guid)">
            <summary>
            Returns all collections visible to the specified user, 
            together their details. This is used in the initialization process
            </summary>
            <param name="accountId"></param>
            <param name="userId"></param>
            <returns></returns>
        </member>
        <member name="M:WebApi.Services.CollectionService.GetCollectionByIdAsync(System.Guid,System.Guid,System.Guid)">
            <summary>
            Returns a single collection instance to the corresponding id
            </summary>
            <param name="accountId"></param>
            <param name="userId"></param>
            <param name="id"></param>
            <returns></returns>
        </member>
        <member name="M:WebApi.Services.CollectionService.GetEntitledIdsForUserAsync(System.Guid,System.Guid)">
            <summary>
            Returns the list of collection ids which are visible for the specified 
            account and user id.  If the user id has a group associated, then the 
            list of the collection ids should include:
            - those collections which are in the same group with the user
            - those collections which are not having any group assigned.
            </summary>
            <param name="accountId"></param>
            <param name="userId"></param>
            <returns>The list of collection ids to which the user is entitled, or 
            null entity when the user is not having a group restriction</returns>
        </member>
        <member name="M:WebApi.Services.CollectionService.SaveAsync(System.Guid,System.Guid,WebApi.Dtos.CollectionDto)">
            <summary>
            Used for saving a new or existing collection.  
            If the collection is new, it should have the id set to Guid.Empty
            If the collection exists and is under a change operation, it should get the id
            </summary>
            <param name="accountId"></param>
            <param name="userId"></param>
            <param name="collection"></param>
            <returns></returns>
        </member>
        <member name="M:WebApi.Services.CollectionService.DeleteAsync(System.Guid,System.Guid,System.Guid)">
            <summary>
            Deletes a collection definitions, specified by its id.
            </summary>
            <param name="accountId"></param>
            <param name="userId"></param>
            <param name="collectionId"></param>
            <returns></returns>
        </member>
        <member name="M:WebApi.Services.CollectionService.MoveCollectionAsync(System.Guid,System.Guid,System.Guid,System.Guid)">
            <summary>
            Moves a collection to a different parent or to the root of the collections
            </summary>
            <param name="accountId"></param>
            <param name="userId"></param>
            <param name="collectionId"></param>
            <param name="parentId">the GUID of the parent collection or Guid.Empty if the move operation goes under root</param>
            <returns></returns>
        </member>
        <member name="M:WebApi.Services.DownloadService.GetUniqueFileNameForConversion(System.Collections.Generic.List{WebApi.Dtos.Asset.Request.AssetDownloadRequest},System.String,WebApi.Enums.DownloadConversionType)">
            <summary>
            Returns a 'safe' filename that will be used to save to to azure storage after conversion.
            This is needed because sometimes filenames can have the same name but not the same extension. If we
            are converting filename1.jpg and filename1.png to png's at the same time then filename1.jpg will be renamed to filename1.png which
            causes a conflict. This method checks for that and if there is a conflict returns a unique id to save file as.
            </summary>
            <param name="requests"></param>
            <param name="assetFileName"></param>
            <param name="conversionType"></param>
            <returns></returns>
        </member>
        <member name="M:WebApi.Services.FileService.IsVideoFile(System.String)">
            <summary>
            Returns whether or not the fileExtension is a video file group type.
            </summary>
            <param name="fileExtension">File extension string with no '.'</param>
            <returns></returns>
        </member>
        <member name="M:WebApi.Services.LightboxService.GetAllAsync(System.Guid,System.Guid)">
            <summary>
            Returns all lightboxes visible to the specified user, 
            together their details. This is used in the initialization process
            </summary>
            <param name="accountId"></param>
            <param name="userId"></param>
            <returns></returns>
        </member>
        <member name="M:WebApi.Services.SearchAssetsService.GetSearchAssetsSort(Nest.SortDescriptor{WebApi.Dtos.Search.Asset},WebApi.Enums.SortType)">
            <summary>
            Used to help build a dynamic ES query with sorting.
            </summary>
            <param name="s">The ES sort descriptor object</param>
            <param name="sortType">The type of sord operation to perform</param>
            <returns></returns>
        </member>
        <member name="M:WebApi.Services.ServiceBusService.#ctor(Microsoft.Extensions.Logging.ILogger{WebApi.Services.ServiceBusService},Microsoft.Extensions.Configuration.IConfiguration,Marcom.Azure.ServiceBus.IBusServiceFactory)">
            <summary>
            Class responsible for all outgoing messages sent over ServiceBus. 
            The implementation contains a cache of the IBusSendService instances
            created upon request and reuses them when needed.
            </summary>
            <param name="configuration"></param>
            <param name="logger"></param>
            <param name="busServiceFactory"></param>
        </member>
        <member name="M:WebApi.Services.ServiceBusService.Signal(System.String,System.Object)">
            <summary>
            Base implementation for a bus sending message, which caches the instances 
            of the services and re-use them when needed.
            </summary>
            <param name="configBusKey">The name of the bus section definition from appsettings</param>
            <param name="message">The message that should be sent</param>
            <returns></returns>
        </member>
        <member name="M:WebApi.Services.UploadService.ProcessFileUploadAsync(Microsoft.AspNetCore.WebUtilities.MultipartReader,System.Guid)">
            <summary>
            The complexity of this method is due to the fact we need to stream LARGE file uploads. Client is passing in file and sessionId as formData.
            Each value appended to the form must be extracted via a stream reader.
            
            Most of this logic was copied from website below.
            
            TODO: More security and validation needs to be done on this method. Specifically concerning reading and storing the filename.
            
            https://docs.microsoft.com/en-us/aspnet/core/mvc/models/file-uploads?view=aspnetcore-3.1
            
            </summary>
            <param name="reader"></param>
            <param name="accountId"></param>
            <returns></returns>
        </member>
        <member name="M:WebApi.Services.UploadService.HasFileContentDisposition(Microsoft.Net.Http.Headers.ContentDispositionHeaderValue)">
            <summary>
            Helper used to tell if current content in form is a file
            </summary>
            <param name="contentDisposition"></param>
            <returns></returns>
        </member>
        <member name="M:WebApi.Services.UploadService.HasFormDataContentDisposition(Microsoft.Net.Http.Headers.ContentDispositionHeaderValue)">
            <summary>
            Helper used to tell if current content in form is form data
            </summary>
            <param name="contentDisposition"></param>
            <returns></returns>
        </member>
        <member name="M:WebApi.Services.UserService.ValidateSysAdminAccess(System.Guid)">
            <summary>
             This is a tempory solution until we get claims transformation 
             and authorization done properly
            </summary>
            <param name="userId"></param>
            <returns></returns>
        </member>
        <member name="M:WebApi.Services.ZapierService.GetAssetsInfo(System.Guid,System.Guid,System.Nullable{System.Guid})">
            <summary>
            Returns assets info for zapier, it returns all assets or the ones from a specified collection
            </summary>
            <param name="accountId"></param>
            <param name="userId"></param>
            <param name="collectionId"></param>
            <returns></returns>
        </member>
    </members>
</doc>
