{
  "name": "envapp",
  "version": "1.0.0",
  "environment": "qa",
  "basehref": "envapp",
  "backgroundColor": "black",
  "apiDomains": [
    "https://webapi-qa.gather.marcom.com"
  ],
  "appInsights": {
    "instrumentationKey": "92629556-d485-4fff-86ee-ecc0a58fc536"
  },
  "defaultSignInPolicy": "B2C_1A_SignUpOrSignIn",
  "signOutUrl": "https://qa.gather.marcom.com/sign-out.html",
  "oidcConfig": {
    "accessTokenExpiringNotificationTime": 15,
    "authority": "https://ptidamqa.b2clogin.com/ptidamqa.onmicrosoft.com/B2C_1A_SignUpOrSignIn/v2.0",
    "automaticSilentRenew": true,
    "client_id": "e4e924c0-78e0-4ed9-88d1-cc63627511e8",
    "filterProtocolClaims": true,
    "loadUserInfo": false,
    "metadataUrl": "https://ptidamqa.b2clogin.com/ptidamqa.onmicrosoft.com/B2C_1A_SignUpOrSignIn/v2.0/.well-known/openid-configuration",
    "post_logout_redirect_uri": "https://qa.gather.marcom.com/sign-out.html",
    "redirect_uri": "https://qa.gather.marcom.com/sign-in.html",
    "response_mode": "fragment",
    "response_type": "code",
    "scope": "openid profile https://ptidamqa.onmicrosoft.com/e4e924c0-78e0-4ed9-88d1-cc63627511e8/api",
    "silent_redirect_uri": "https://qa.gather.marcom.com/renew.html"
  },
  "forgotPwConfig": {
    "authority": "https://ptidamqa.b2clogin.com/ptidamqa.onmicrosoft.com/B2C_1A_PasswordReset/v2.0",
    "client_id": "e4e924c0-78e0-4ed9-88d1-cc63627511e8",
    "loadUserInfo": false,
    "redirect_uri": "https://qa.gather.marcom.com/sign-in.html",
    "response_mode": "fragment",
    "response_type": "code",
    "scope": "openid profile https://ptidamqa.onmicrosoft.com/e4e924c0-78e0-4ed9-88d1-cc63627511e8/api"
  },
  "emailSignUp": {
    "authority": "https://ptidamqa.b2clogin.com/ptidamqa.onmicrosoft.com/B2C_1A_SignUp/v2.0",
    "client_id": "e4e924c0-78e0-4ed9-88d1-cc63627511e8",
    "loadUserInfo": false,
    "redirect_uri": "https://qa.gather.marcom.com/sign-up.html",
    "response_mode": "fragment",
    "response_type": "code",
    "scope": "openid profile https://ptidamqa.onmicrosoft.com/e4e924c0-78e0-4ed9-88d1-cc63627511e8/api"
  },
  "federatedConsentConfig": {
    "authority": "https://ptidamqa.b2clogin.com/ptidamqa.onmicrosoft.com/B2C_1A_FederatedAdConsent/v2.0",
    "client_id": "e4e924c0-78e0-4ed9-88d1-cc63627511e8",
    "loadUserInfo": false,
    "redirect_uri": "https://qa.gather.marcom.com/federated-consent-callback.html",
    "response_mode": "fragment",
    "response_type": "code",
    "scope": "openid profile"
  },
  "buyNowUrl": "https://marcom.com/contact-us/",
  "webApiUrl": "https://webapi-qa.gather.marcom.com",
  "downloadApiUrl": "https://webapi-qa.gather.marcom.com",
  "uploadApiUrl": "https://webapi-qa.gather.marcom.com",
  "signalRUrl": "https://signalrhub-qa.gather.marcom.com",
  "pardotUrl": "https://go.marcomcentral.com/l/891601/2021-03-31/dvcgq",
  "churnZeroConfig": {
    "churnZeroUrl": "https://analytics.churnzero.net/churnzero.js",
    "churnZeroAppKey": "1!Mn1wt4KqUiRkrxwJiysF6UWBJKcqHAahJ9RE-Ps11Ast912"
  },
  "salesForceChatConfig": {
    "salesForceScriptLocation": "https://c.la3-c2-ia5.salesforceliveagent.com/content/g/js/52.0/deployment.js",
    "salesForceInitChatUrl": "https://d.la3-c2-ia5.salesforceliveagent.com/chat",
    "salesForceInitDeploymentId": "5720b000000LRr2",
    "salesForceInitButtonId": "5735a00000097W4",
    "salesForceInitChatHash": "00D3000000001yl"
  },
  "freeTrialConfig": {
    "freeTrialUserCreationTimer": 20000,
    "freeTrialErrorTimer": 15000
  },
  "googleDriveConfig": {
    "appId": "611892810408",
    "developerApiKey": "AIzaSyDn6mAYE1R1BRXyYJBsHk5A-TkgRBnqDhE",
    "type": "google",
    "maxItems": 100,
    "clientId": "611892810408-a4p03ivd2npffnvfsdm1men2qjcrnh6e.apps.googleusercontent.com"
  },
  "hubspotConfig": {
    "authorizeUrl": "https://app.hubspot.com/oauth/authorize",
    "clientId": "dbcb399a-a80c-497d-9478-2174e9a882e0",
    "scopes": "files"
  },
  "dropboxConfig": {
    "appKey": "fz7d5yl9243ym53",
    "type": "dropbox"
  },
  "oneDriveConfig": {
    "clientId": "a7d82222-cc8d-44bd-a267-d7a86e31cfad"
  },
  "slackConfig": {
    "clientId": "2555031014310.2569312736501",
    "scope": "channels:read,chat:write:user,files:write:user",
    "redirectUri": "https://qa.gather.marcom.com/slack-redirect"
  },
  "wordpressMsalConfig": {
    "config": {
      "auth": {
        "clientId": "d420870c-e243-4f41-8e42-d6d280bb0da0",
        "authority": "https://ptidamqa.b2clogin.com/ptidamqa.onmicrosoft.com/B2C_1A_SignIn",
        "knownAuthorities": [
          "ptidamqa.b2clogin.com"
        ],
        "redirectUri": "https://qa.gather.marcom.com/wordpress/oauth/callback"
      },
      "cache": {
        "cacheLocation": "sessionStorage",
        "storeAuthStateInCookie": false
      }
    },
    "loginRequest": {
      "scopes": [
        "openid",
        "https://ptidamqa.onmicrosoft.com/e4e924c0-78e0-4ed9-88d1-cc63627511e8/assets.read"
      ]
    },
    "msalLibraryUrl": "https://alcdn.msauth.net/browser/2.13.1/js/msal-browser.js"
  }
}
