{
  "name": "envapp",
  "version": "1.0.0",
  "environment": "sbx",
  "basehref": "envapp",
  "backgroundColor": "black",
  "apiDomains": [
    "https://webapi-sbx.gather.marcom.com"
  ],
  "appInsights": {
    "instrumentationKey": "b876f468-1bd8-408d-a24b-ec7dd2b979cc"
  },
  "defaultSignInPolicy": "B2C_1A_SignUpOrSignIn",
  "signOutUrl": "https://sbx.gather.marcom.com/sign-out.html",
  "oidcConfig": {
    "accessTokenExpiringNotificationTime": 15,
    "authority": "https://ptidamsbx.b2clogin.com/ptidamsbx.onmicrosoft.com/B2C_1A_SignUpOrSignIn/v2.0",
    "automaticSilentRenew": true,
    "client_id": "51d1d74a-61c8-4c4c-8c3e-1b7d25c1d59d",
    "filterProtocolClaims": true,
    "loadUserInfo": false,
    "metadataUrl": "https://ptidamsbx.b2clogin.com/ptidamsbx.onmicrosoft.com/B2C_1A_SignUpOrSignIn/v2.0/.well-known/openid-configuration",
    "post_logout_redirect_uri": "https://sbx.gather.marcom.com/sign-out.html",
    "redirect_uri": "https://sbx.gather.marcom.com/sign-in.html",
    "response_mode": "fragment",
    "response_type": "code",
    "scope": "openid profile https://ptidamsbx.onmicrosoft.com/51d1d74a-61c8-4c4c-8c3e-1b7d25c1d59d/api",
    "silent_redirect_uri": "https://sbx.gather.marcom.com/renew.html"
  },
  "forgotPwConfig": {
    "authority": "https://ptidamsbx.b2clogin.com/ptidamsbx.onmicrosoft.com/B2C_1A_PasswordReset/v2.0",
    "client_id": "51d1d74a-61c8-4c4c-8c3e-1b7d25c1d59d",
    "loadUserInfo": false,
    "redirect_uri": "https://sbx.gather.marcom.com/sign-in.html",
    "response_mode": "fragment",
    "response_type": "code",
    "scope": "openid profile https://ptidamsbx.onmicrosoft.com/51d1d74a-61c8-4c4c-8c3e-1b7d25c1d59d/api"
  },
  "emailSignUp": {
    "authority": "https://ptidamsbx.b2clogin.com/ptidamsbx.onmicrosoft.com/B2C_1A_SignUp/v2.0",
    "client_id": "51d1d74a-61c8-4c4c-8c3e-1b7d25c1d59d",
    "loadUserInfo": false,
    "redirect_uri": "https://sbx.gather.marcom.com/sign-up.html",
    "response_mode": "fragment",
    "response_type": "code",
    "scope": "openid profile https://ptidamsbx.onmicrosoft.com/51d1d74a-61c8-4c4c-8c3e-1b7d25c1d59d/api"
  },
  "federatedConsentConfig": {
    "authority": "https://ptidamsbx.b2clogin.com/ptidamsbx.onmicrosoft.com/B2C_1A_FederatedAdConsent/v2.0",
    "client_id": "51d1d74a-61c8-4c4c-8c3e-1b7d25c1d59d",
    "loadUserInfo": false,
    "redirect_uri": "https://sbx.gather.marcom.com/federated-consent-callback.html",
    "response_mode": "fragment",
    "response_type": "code",
    "scope": "openid profile"
  },
  "buyNowUrl": "https://marcom.com/contact-us/",
  "webApiUrl": "https://webapi-sbx.gather.marcom.com",
  "downloadApiUrl": "https://webapi-sbx.gather.marcom.com",
  "uploadApiUrl": "https://webapi-sbx.gather.marcom.com",
  "signalRUrl": "https://signalrhub-sbx.gather.marcom.com",
  "pardotUrl": "https://go.marcomcentral.com/l/891601/2021-03-31/dvcgq",
  "churnZeroConfig": {
    "churnZeroUrl": "https://analytics.churnzero.net/churnzero.js",
    "churnZeroAppKey": "1!Mn1wt4KqUiRkrxwJiysF6UWBJKcqHAahJ9RE-Ps11Ast912"
  },
  "salesForceChatConfig": {
    "salesForceScriptLocation": "https://c.la3-c2-ia5.salesforceliveagent.com/content/g/js/52.0/deployment.js",
    "salesForceInitChatUrl": "https://d.la3-c2-ia5.salesforceliveagent.com/chat",
    "salesForceInitDeploymentId": "5720b000000LRr2",
    "salesForceInitButtonId": "5735a00000097W4",
    "salesForceInitChatHash": "00D3000000001yl"
  },
  "freeTrialConfig": {
    "freeTrialUserCreationTimer": 20000,
    "freeTrialErrorTimer": 15000
  },
  "googleDriveConfig": {
    "appId": "611892810408",
    "developerApiKey": "AIzaSyDn6mAYE1R1BRXyYJBsHk5A-TkgRBnqDhE",
    "type": "google",
    "maxItems": 100,
    "clientId": "611892810408-a4p03ivd2npffnvfsdm1men2qjcrnh6e.apps.googleusercontent.com"
  },
  "hubspotConfig": {
    "authorizeUrl": "https://app.hubspot.com/oauth/authorize",
    "clientId": "75393f99-eeb8-49a1-ab67-3ac497fa5b02",
    "scopes": "files"
  },
 "dropboxConfig": {
    "appKey": "fz7d5yl9243ym53",
    "type": "dropbox"
  },
  "oneDriveConfig": {
    "clientId": "f2bbeda8-f0df-4fb8-ad33-265c54d53138"
  },
  "slackConfig": {
    "clientId": "2555031014310.2569312736501",
    "scope": "channels:read,chat:write:user,files:write:user",
    "redirectUri": "https://sbx.gather.marcom.com/slack-redirect"
  },
  "wordpressMsalConfig": {
    "config": {
      "auth": {
        "clientId": "5474a63c-668c-4e92-b3c2-14f8da80be7f",
        "authority": "https://ptidamsbx.b2clogin.com/ptidamsbx.onmicrosoft.com/B2C_1A_SignIn",
        "knownAuthorities": [
          "ptidamsbx.b2clogin.com"
        ],
        "redirectUri": "https://sbx.gather.marcom.com/wordpress/oauth/callback"
      },
      "cache": {
        "cacheLocation": "sessionStorage",
        "storeAuthStateInCookie": false
      }
    },
    "loginRequest": {
      "scopes": [
        "openid",
        "https://ptidamsbx.onmicrosoft.com/5474a63c-668c-4e92-b3c2-14f8da80be7f/assets.read"
      ]
    },
    "msalLibraryUrl": "https://alcdn.msauth.net/browser/2.13.1/js/msal-browser.js"
  }
}
